mikequindazzi,1600
drgorillapaints,880
aitrading_official,255
opensourcedworkplace,340
crea.vision,304
be.masterly,1231
lenovoworkstations,259
kirellb,1433
ethicsandai,13
diworksolucionesdeti,450
databowl,149
edwisor_india,2232
ubiqum,1061
artificialintelligence.a.i,533
ansonmccade,2904
jennifercodes,971
eligible.api,285
ale_borba,520
amjstaffing,75
writtorg,2691
superdatascience,966
xotivtechnologies,334
onthetopsearch,1041
mikequindazzi,4496
data_enthusiast,166
programmer.io,1211
coding.is.life,265
theminest_,1618
philosophercoin,279
philosophercoin,279
greenhousegroup,828
neondistrictrpg,12
blocsidesports,894
cryptocrackhead,610
gsmusicgroupllc,226
iotatokennews,1168
bitpainting,835
_linda_smith567,124
litebit.eu,193
mikequindazzi,1600
meganbloemsma,258
ricmiqads,105
hollympeck,273
artificial_quotes,914
interwall,118
entrancegmbh,122
usccareercenter,1180
_ehab.othman_,3139
anki7singh,3725
mbnsolutions,935
triatebr,1766
orcan_intel,2277
opensourcedworkplace,348
funnelaico,87
iamalexleyva,2785
astrokpj,3448
big.data.hush,530
iamjunkbot,3147
ivarski,918
mikequindazzi,4496
roland.busch,145
oboteo.ai,11
cris.nemeth,577
interplayofficial,66
alpha_mentor_,89
magnodc,2014
thebeautymindset,151
remi_ole,2175
shine_my_idol,371
greg_turner44,1003
siansocial,1200
meaningful_quotee,383
kamalalshehabi,955
bitcoinebook,2372
iamjaradwright,740
rare.planet,2573
flornasweets,181
lpsahil,631
vaultcolombia,246
anandvanjape,460
mrproductionmiami,140
ah_studio_,888
illumensfragrance,845
applewantnews,91
pazrahn,361
monde_informatique,2455
eric_pond_designs,361
onlyonecoops,262
brad_0611,1158
inmemovement,1196
the_ios_developer,863
swiatik,971
caseyjmcclure,106
benasdzimidas,179
praveen_rangasubhe,49
michaelgarza__,614
dvlp_search,450
ecom.space,182
lb3enterprises,2039
palmariusdev,741
